filename,object_location,image_small,image_thumb
col011_pinestreet_meridianelem_0001.jpg,/objects/col011_pinestreet_meridianelem_0001.jpg,/objects/small/col011_pinestreet_meridianelem_0001_sm.jpg,/objects/thumbs/col011_pinestreet_meridianelem_0001_th.jpg
col011_pinestreet_meridianelem_0002.jpg,/objects/col011_pinestreet_meridianelem_0002.jpg,/objects/small/col011_pinestreet_meridianelem_0002_sm.jpg,/objects/thumbs/col011_pinestreet_meridianelem_0002_th.jpg
col011_pinestreet_meridianelem_0003.jpg,/objects/col011_pinestreet_meridianelem_0003.jpg,/objects/small/col011_pinestreet_meridianelem_0003_sm.jpg,/objects/thumbs/col011_pinestreet_meridianelem_0003_th.jpg
col011_pinestreet_meridianelem_0004.jpg,/objects/col011_pinestreet_meridianelem_0004.jpg,/objects/small/col011_pinestreet_meridianelem_0004_sm.jpg,/objects/thumbs/col011_pinestreet_meridianelem_0004_th.jpg
col011_pinestreet_meridianelem_0005.jpg,/objects/col011_pinestreet_meridianelem_0005.jpg,/objects/small/col011_pinestreet_meridianelem_0005_sm.jpg,/objects/thumbs/col011_pinestreet_meridianelem_0005_th.jpg
col011_pinestreet_meridianelem_0006.jpg,/objects/col011_pinestreet_meridianelem_0006.jpg,/objects/small/col011_pinestreet_meridianelem_0006_sm.jpg,/objects/thumbs/col011_pinestreet_meridianelem_0006_th.jpg
col011_pinestreet_meridianelem_0007.jpg,/objects/col011_pinestreet_meridianelem_0007.jpg,/objects/small/col011_pinestreet_meridianelem_0007_sm.jpg,/objects/thumbs/col011_pinestreet_meridianelem_0007_th.jpg
col011_pinestreet_meridianelem_0008.jpg,/objects/col011_pinestreet_meridianelem_0008.jpg,/objects/small/col011_pinestreet_meridianelem_0008_sm.jpg,/objects/thumbs/col011_pinestreet_meridianelem_0008_th.jpg
col011_pinestreet_meridianelem_0009.jpg,/objects/col011_pinestreet_meridianelem_0009.jpg,/objects/small/col011_pinestreet_meridianelem_0009_sm.jpg,/objects/thumbs/col011_pinestreet_meridianelem_0009_th.jpg
col011_pinestreet_meridianelem_0010.jpg,/objects/col011_pinestreet_meridianelem_0010.jpg,/objects/small/col011_pinestreet_meridianelem_0010_sm.jpg,/objects/thumbs/col011_pinestreet_meridianelem_0010_th.jpg
col011_pinestreet_meridianelem_0011.jpg,/objects/col011_pinestreet_meridianelem_0011.jpg,/objects/small/col011_pinestreet_meridianelem_0011_sm.jpg,/objects/thumbs/col011_pinestreet_meridianelem_0011_th.jpg
col011_pinestreet_meridianelem_0012.jpg,/objects/col011_pinestreet_meridianelem_0012.jpg,/objects/small/col011_pinestreet_meridianelem_0012_sm.jpg,/objects/thumbs/col011_pinestreet_meridianelem_0012_th.jpg
col011_pinestreet_meridianelem_0013.jpg,/objects/col011_pinestreet_meridianelem_0013.jpg,/objects/small/col011_pinestreet_meridianelem_0013_sm.jpg,/objects/thumbs/col011_pinestreet_meridianelem_0013_th.jpg
col011_pinestreet_meridianelem_0014.jpg,/objects/col011_pinestreet_meridianelem_0014.jpg,/objects/small/col011_pinestreet_meridianelem_0014_sm.jpg,/objects/thumbs/col011_pinestreet_meridianelem_0014_th.jpg
col011_pinestreet_meridianelem_0015.jpg,/objects/col011_pinestreet_meridianelem_0015.jpg,/objects/small/col011_pinestreet_meridianelem_0015_sm.jpg,/objects/thumbs/col011_pinestreet_meridianelem_0015_th.jpg
col011_pinestreet_meridianelem_0016.jpg,/objects/col011_pinestreet_meridianelem_0016.jpg,/objects/small/col011_pinestreet_meridianelem_0016_sm.jpg,/objects/thumbs/col011_pinestreet_meridianelem_0016_th.jpg
col011_pinestreet_meridianelem_0017.jpg,/objects/col011_pinestreet_meridianelem_0017.jpg,/objects/small/col011_pinestreet_meridianelem_0017_sm.jpg,/objects/thumbs/col011_pinestreet_meridianelem_0017_th.jpg
col011_pinestreet_meridianelem_0018.jpg,/objects/col011_pinestreet_meridianelem_0018.jpg,/objects/small/col011_pinestreet_meridianelem_0018_sm.jpg,/objects/thumbs/col011_pinestreet_meridianelem_0018_th.jpg
col011_pinestreet_meridianelem_0019.jpg,/objects/col011_pinestreet_meridianelem_0019.jpg,/objects/small/col011_pinestreet_meridianelem_0019_sm.jpg,/objects/thumbs/col011_pinestreet_meridianelem_0019_th.jpg
col011_pinestreet_meridianelem_0020.jpg,/objects/col011_pinestreet_meridianelem_0020.jpg,/objects/small/col011_pinestreet_meridianelem_0020_sm.jpg,/objects/thumbs/col011_pinestreet_meridianelem_0020_th.jpg
col011_pinestreet_meridianelem_0021.jpg,/objects/col011_pinestreet_meridianelem_0021.jpg,/objects/small/col011_pinestreet_meridianelem_0021_sm.jpg,/objects/thumbs/col011_pinestreet_meridianelem_0021_th.jpg
col011_pinestreet_meridianelem_0022.jpg,/objects/col011_pinestreet_meridianelem_0022.jpg,/objects/small/col011_pinestreet_meridianelem_0022_sm.jpg,/objects/thumbs/col011_pinestreet_meridianelem_0022_th.jpg
col011_pinestreet_meridianelem_0023.jpg,/objects/col011_pinestreet_meridianelem_0023.jpg,/objects/small/col011_pinestreet_meridianelem_0023_sm.jpg,/objects/thumbs/col011_pinestreet_meridianelem_0023_th.jpg
col011_pinestreet_meridianelem_0024.jpg,/objects/col011_pinestreet_meridianelem_0024.jpg,/objects/small/col011_pinestreet_meridianelem_0024_sm.jpg,/objects/thumbs/col011_pinestreet_meridianelem_0024_th.jpg
col011_pinestreet_meridianelem_0025.jpg,/objects/col011_pinestreet_meridianelem_0025.jpg,/objects/small/col011_pinestreet_meridianelem_0025_sm.jpg,/objects/thumbs/col011_pinestreet_meridianelem_0025_th.jpg
col011_pinestreet_meridianelem_0026.jpg,/objects/col011_pinestreet_meridianelem_0026.jpg,/objects/small/col011_pinestreet_meridianelem_0026_sm.jpg,/objects/thumbs/col011_pinestreet_meridianelem_0026_th.jpg
col011_pinestreet_meridianelem_0027.jpg,/objects/col011_pinestreet_meridianelem_0027.jpg,/objects/small/col011_pinestreet_meridianelem_0027_sm.jpg,/objects/thumbs/col011_pinestreet_meridianelem_0027_th.jpg
col011_pinestreet_meridianelem_0028.jpg,/objects/col011_pinestreet_meridianelem_0028.jpg,/objects/small/col011_pinestreet_meridianelem_0028_sm.jpg,/objects/thumbs/col011_pinestreet_meridianelem_0028_th.jpg
col011_pinestreet_meridianelem_0029.jpg,/objects/col011_pinestreet_meridianelem_0029.jpg,/objects/small/col011_pinestreet_meridianelem_0029_sm.jpg,/objects/thumbs/col011_pinestreet_meridianelem_0029_th.jpg
col011_pinestreet_meridianelem_0030.jpg,/objects/col011_pinestreet_meridianelem_0030.jpg,/objects/small/col011_pinestreet_meridianelem_0030_sm.jpg,/objects/thumbs/col011_pinestreet_meridianelem_0030_th.jpg
col011_pinestreet_meridianelem_0031.jpg,/objects/col011_pinestreet_meridianelem_0031.jpg,/objects/small/col011_pinestreet_meridianelem_0031_sm.jpg,/objects/thumbs/col011_pinestreet_meridianelem_0031_th.jpg
col011_pinestreet_meridianelem_0032.jpg,/objects/col011_pinestreet_meridianelem_0032.jpg,/objects/small/col011_pinestreet_meridianelem_0032_sm.jpg,/objects/thumbs/col011_pinestreet_meridianelem_0032_th.jpg
col011_pinestreet_meridianelem_0033.jpg,/objects/col011_pinestreet_meridianelem_0033.jpg,/objects/small/col011_pinestreet_meridianelem_0033_sm.jpg,/objects/thumbs/col011_pinestreet_meridianelem_0033_th.jpg
col011_pinestreet_meridianelem_0034.jpg,/objects/col011_pinestreet_meridianelem_0034.jpg,/objects/small/col011_pinestreet_meridianelem_0034_sm.jpg,/objects/thumbs/col011_pinestreet_meridianelem_0034_th.jpg
col011_pinestreet_meridianelem_0035.jpg,/objects/col011_pinestreet_meridianelem_0035.jpg,/objects/small/col011_pinestreet_meridianelem_0035_sm.jpg,/objects/thumbs/col011_pinestreet_meridianelem_0035_th.jpg
col011_pinestreet_meridianelem_0036.jpg,/objects/col011_pinestreet_meridianelem_0036.jpg,/objects/small/col011_pinestreet_meridianelem_0036_sm.jpg,/objects/thumbs/col011_pinestreet_meridianelem_0036_th.jpg
col011_pinestreet_meridianelem_0037.jpg,/objects/col011_pinestreet_meridianelem_0037.jpg,/objects/small/col011_pinestreet_meridianelem_0037_sm.jpg,/objects/thumbs/col011_pinestreet_meridianelem_0037_th.jpg
col011_pinestreet_meridianelem_0038.jpg,/objects/col011_pinestreet_meridianelem_0038.jpg,/objects/small/col011_pinestreet_meridianelem_0038_sm.jpg,/objects/thumbs/col011_pinestreet_meridianelem_0038_th.jpg
col011_pinestreet_meridianelem_0039.jpg,/objects/col011_pinestreet_meridianelem_0039.jpg,/objects/small/col011_pinestreet_meridianelem_0039_sm.jpg,/objects/thumbs/col011_pinestreet_meridianelem_0039_th.jpg
col011_pinestreet_meridianelem_0040.jpg,/objects/col011_pinestreet_meridianelem_0040.jpg,/objects/small/col011_pinestreet_meridianelem_0040_sm.jpg,/objects/thumbs/col011_pinestreet_meridianelem_0040_th.jpg
col011_pinestreet_meridianelem_0041.jpg,/objects/col011_pinestreet_meridianelem_0041.jpg,/objects/small/col011_pinestreet_meridianelem_0041_sm.jpg,/objects/thumbs/col011_pinestreet_meridianelem_0041_th.jpg
col011_pinestreet_meridianelem_0042.jpg,/objects/col011_pinestreet_meridianelem_0042.jpg,/objects/small/col011_pinestreet_meridianelem_0042_sm.jpg,/objects/thumbs/col011_pinestreet_meridianelem_0042_th.jpg
col011_pinestreet_meridianelem_0043.jpg,/objects/col011_pinestreet_meridianelem_0043.jpg,/objects/small/col011_pinestreet_meridianelem_0043_sm.jpg,/objects/thumbs/col011_pinestreet_meridianelem_0043_th.jpg
col011_pinestreet_meridianelem_0044.jpg,/objects/col011_pinestreet_meridianelem_0044.jpg,/objects/small/col011_pinestreet_meridianelem_0044_sm.jpg,/objects/thumbs/col011_pinestreet_meridianelem_0044_th.jpg
col011_pinestreet_meridianelem_0045.jpg,/objects/col011_pinestreet_meridianelem_0045.jpg,/objects/small/col011_pinestreet_meridianelem_0045_sm.jpg,/objects/thumbs/col011_pinestreet_meridianelem_0045_th.jpg
col011_pinestreet_meridianelem_0046.jpg,/objects/col011_pinestreet_meridianelem_0046.jpg,/objects/small/col011_pinestreet_meridianelem_0046_sm.jpg,/objects/thumbs/col011_pinestreet_meridianelem_0046_th.jpg
col011_pinestreet_meridianelem_0047.jpg,/objects/col011_pinestreet_meridianelem_0047.jpg,/objects/small/col011_pinestreet_meridianelem_0047_sm.jpg,/objects/thumbs/col011_pinestreet_meridianelem_0047_th.jpg
col011_pinestreet_meridianelem_0048.jpg,/objects/col011_pinestreet_meridianelem_0048.jpg,/objects/small/col011_pinestreet_meridianelem_0048_sm.jpg,/objects/thumbs/col011_pinestreet_meridianelem_0048_th.jpg
col011_pinestreet_meridianelem_0049.jpg,/objects/col011_pinestreet_meridianelem_0049.jpg,/objects/small/col011_pinestreet_meridianelem_0049_sm.jpg,/objects/thumbs/col011_pinestreet_meridianelem_0049_th.jpg
col011_pinestreet_meridianelem_0050.jpg,/objects/col011_pinestreet_meridianelem_0050.jpg,/objects/small/col011_pinestreet_meridianelem_0050_sm.jpg,/objects/thumbs/col011_pinestreet_meridianelem_0050_th.jpg
col011_pinestreet_meridianelem_0051.jpg,/objects/col011_pinestreet_meridianelem_0051.jpg,/objects/small/col011_pinestreet_meridianelem_0051_sm.jpg,/objects/thumbs/col011_pinestreet_meridianelem_0051_th.jpg
col011_pinestreet_meridianelem_0052.jpg,/objects/col011_pinestreet_meridianelem_0052.jpg,/objects/small/col011_pinestreet_meridianelem_0052_sm.jpg,/objects/thumbs/col011_pinestreet_meridianelem_0052_th.jpg
col011_pinestreet_meridianelem_0053.jpg,/objects/col011_pinestreet_meridianelem_0053.jpg,/objects/small/col011_pinestreet_meridianelem_0053_sm.jpg,/objects/thumbs/col011_pinestreet_meridianelem_0053_th.jpg
col011_pinestreet_meridianelem_0054.jpg,/objects/col011_pinestreet_meridianelem_0054.jpg,/objects/small/col011_pinestreet_meridianelem_0054_sm.jpg,/objects/thumbs/col011_pinestreet_meridianelem_0054_th.jpg
col011_pinestreet_meridianelem_0055.jpg,/objects/col011_pinestreet_meridianelem_0055.jpg,/objects/small/col011_pinestreet_meridianelem_0055_sm.jpg,/objects/thumbs/col011_pinestreet_meridianelem_0055_th.jpg
col011_pinestreet_meridianelem_0056.jpg,/objects/col011_pinestreet_meridianelem_0056.jpg,/objects/small/col011_pinestreet_meridianelem_0056_sm.jpg,/objects/thumbs/col011_pinestreet_meridianelem_0056_th.jpg
col011_pinestreet_meridianelem_0057.jpg,/objects/col011_pinestreet_meridianelem_0057.jpg,/objects/small/col011_pinestreet_meridianelem_0057_sm.jpg,/objects/thumbs/col011_pinestreet_meridianelem_0057_th.jpg
col011_pinestreet_meridianelem_0058.jpg,/objects/col011_pinestreet_meridianelem_0058.jpg,/objects/small/col011_pinestreet_meridianelem_0058_sm.jpg,/objects/thumbs/col011_pinestreet_meridianelem_0058_th.jpg
col011_pinestreet_meridianelem_0059.jpg,/objects/col011_pinestreet_meridianelem_0059.jpg,/objects/small/col011_pinestreet_meridianelem_0059_sm.jpg,/objects/thumbs/col011_pinestreet_meridianelem_0059_th.jpg
col011_pinestreet_meridianelem_0060.jpg,/objects/col011_pinestreet_meridianelem_0060.jpg,/objects/small/col011_pinestreet_meridianelem_0060_sm.jpg,/objects/thumbs/col011_pinestreet_meridianelem_0060_th.jpg
col011_pinestreet_meridianelem_0061.jpg,/objects/col011_pinestreet_meridianelem_0061.jpg,/objects/small/col011_pinestreet_meridianelem_0061_sm.jpg,/objects/thumbs/col011_pinestreet_meridianelem_0061_th.jpg
col011_pinestreet_meridianelem_0062.jpg,/objects/col011_pinestreet_meridianelem_0062.jpg,/objects/small/col011_pinestreet_meridianelem_0062_sm.jpg,/objects/thumbs/col011_pinestreet_meridianelem_0062_th.jpg
col011_pinestreet_meridianelem_0063.jpg,/objects/col011_pinestreet_meridianelem_0063.jpg,/objects/small/col011_pinestreet_meridianelem_0063_sm.jpg,/objects/thumbs/col011_pinestreet_meridianelem_0063_th.jpg
col011_pinestreet_meridianelem_0064.jpg,/objects/col011_pinestreet_meridianelem_0064.jpg,/objects/small/col011_pinestreet_meridianelem_0064_sm.jpg,/objects/thumbs/col011_pinestreet_meridianelem_0064_th.jpg
col011_pinestreet_meridianelem_0065.jpg,/objects/col011_pinestreet_meridianelem_0065.jpg,/objects/small/col011_pinestreet_meridianelem_0065_sm.jpg,/objects/thumbs/col011_pinestreet_meridianelem_0065_th.jpg
col011_pinestreet_meridianelem_0066.jpg,/objects/col011_pinestreet_meridianelem_0066.jpg,/objects/small/col011_pinestreet_meridianelem_0066_sm.jpg,/objects/thumbs/col011_pinestreet_meridianelem_0066_th.jpg
col011_pinestreet_meridianelem_0067.jpg,/objects/col011_pinestreet_meridianelem_0067.jpg,/objects/small/col011_pinestreet_meridianelem_0067_sm.jpg,/objects/thumbs/col011_pinestreet_meridianelem_0067_th.jpg
col011_pinestreet_meridianelem_0068.jpg,/objects/col011_pinestreet_meridianelem_0068.jpg,/objects/small/col011_pinestreet_meridianelem_0068_sm.jpg,/objects/thumbs/col011_pinestreet_meridianelem_0068_th.jpg
col011_pinestreet_meridianelem_0069.jpg,/objects/col011_pinestreet_meridianelem_0069.jpg,/objects/small/col011_pinestreet_meridianelem_0069_sm.jpg,/objects/thumbs/col011_pinestreet_meridianelem_0069_th.jpg
col011_pinestreet_meridianelem_0070.jpg,/objects/col011_pinestreet_meridianelem_0070.jpg,/objects/small/col011_pinestreet_meridianelem_0070_sm.jpg,/objects/thumbs/col011_pinestreet_meridianelem_0070_th.jpg
col011_pinestreet_meridianelem_0071.jpg,/objects/col011_pinestreet_meridianelem_0071.jpg,/objects/small/col011_pinestreet_meridianelem_0071_sm.jpg,/objects/thumbs/col011_pinestreet_meridianelem_0071_th.jpg
col011_pinestreet_meridianelem_0072.jpg,/objects/col011_pinestreet_meridianelem_0072.jpg,/objects/small/col011_pinestreet_meridianelem_0072_sm.jpg,/objects/thumbs/col011_pinestreet_meridianelem_0072_th.jpg
col011_pinestreet_meridianelem_0073.jpg,/objects/col011_pinestreet_meridianelem_0073.jpg,/objects/small/col011_pinestreet_meridianelem_0073_sm.jpg,/objects/thumbs/col011_pinestreet_meridianelem_0073_th.jpg
col011_pinestreet_meridianelem_0074.jpg,/objects/col011_pinestreet_meridianelem_0074.jpg,/objects/small/col011_pinestreet_meridianelem_0074_sm.jpg,/objects/thumbs/col011_pinestreet_meridianelem_0074_th.jpg
col011_pinestreet_meridianelem_0075.jpg,/objects/col011_pinestreet_meridianelem_0075.jpg,/objects/small/col011_pinestreet_meridianelem_0075_sm.jpg,/objects/thumbs/col011_pinestreet_meridianelem_0075_th.jpg
col011_pinestreet_meridianelem_0076.jpg,/objects/col011_pinestreet_meridianelem_0076.jpg,/objects/small/col011_pinestreet_meridianelem_0076_sm.jpg,/objects/thumbs/col011_pinestreet_meridianelem_0076_th.jpg
col011_pinestreet_meridianelem_0077.jpg,/objects/col011_pinestreet_meridianelem_0077.jpg,/objects/small/col011_pinestreet_meridianelem_0077_sm.jpg,/objects/thumbs/col011_pinestreet_meridianelem_0077_th.jpg
col011_pinestreet_meridianelem_0078.jpg,/objects/col011_pinestreet_meridianelem_0078.jpg,/objects/small/col011_pinestreet_meridianelem_0078_sm.jpg,/objects/thumbs/col011_pinestreet_meridianelem_0078_th.jpg
col011_pinestreet_meridianelem_0079.jpg,/objects/col011_pinestreet_meridianelem_0079.jpg,/objects/small/col011_pinestreet_meridianelem_0079_sm.jpg,/objects/thumbs/col011_pinestreet_meridianelem_0079_th.jpg
col011_pinestreet_meridianelem_0080.jpg,/objects/col011_pinestreet_meridianelem_0080.jpg,/objects/small/col011_pinestreet_meridianelem_0080_sm.jpg,/objects/thumbs/col011_pinestreet_meridianelem_0080_th.jpg
col011_pinestreet_meridianelem_0081.jpg,/objects/col011_pinestreet_meridianelem_0081.jpg,/objects/small/col011_pinestreet_meridianelem_0081_sm.jpg,/objects/thumbs/col011_pinestreet_meridianelem_0081_th.jpg
col011_pinestreet_meridianelem_0082.jpg,/objects/col011_pinestreet_meridianelem_0082.jpg,/objects/small/col011_pinestreet_meridianelem_0082_sm.jpg,/objects/thumbs/col011_pinestreet_meridianelem_0082_th.jpg
col011_pinestreet_meridianelem_0083.jpg,/objects/col011_pinestreet_meridianelem_0083.jpg,/objects/small/col011_pinestreet_meridianelem_0083_sm.jpg,/objects/thumbs/col011_pinestreet_meridianelem_0083_th.jpg
col011_pinestreet_meridianelem_0084.jpg,/objects/col011_pinestreet_meridianelem_0084.jpg,/objects/small/col011_pinestreet_meridianelem_0084_sm.jpg,/objects/thumbs/col011_pinestreet_meridianelem_0084_th.jpg
col011_pinestreet_meridianelem_0085.jpg,/objects/col011_pinestreet_meridianelem_0085.jpg,/objects/small/col011_pinestreet_meridianelem_0085_sm.jpg,/objects/thumbs/col011_pinestreet_meridianelem_0085_th.jpg
col011_pinestreet_meridianelem_0086.jpg,/objects/col011_pinestreet_meridianelem_0086.jpg,/objects/small/col011_pinestreet_meridianelem_0086_sm.jpg,/objects/thumbs/col011_pinestreet_meridianelem_0086_th.jpg
col011_pinestreet_meridianelem_0087.jpg,/objects/col011_pinestreet_meridianelem_0087.jpg,/objects/small/col011_pinestreet_meridianelem_0087_sm.jpg,/objects/thumbs/col011_pinestreet_meridianelem_0087_th.jpg
col011_pinestreet_meridianelem_0088.jpg,/objects/col011_pinestreet_meridianelem_0088.jpg,/objects/small/col011_pinestreet_meridianelem_0088_sm.jpg,/objects/thumbs/col011_pinestreet_meridianelem_0088_th.jpg
col011_pinestreet_meridianelem_0089.jpg,/objects/col011_pinestreet_meridianelem_0089.jpg,/objects/small/col011_pinestreet_meridianelem_0089_sm.jpg,/objects/thumbs/col011_pinestreet_meridianelem_0089_th.jpg
col011_pinestreet_meridianelem_0090.jpg,/objects/col011_pinestreet_meridianelem_0090.jpg,/objects/small/col011_pinestreet_meridianelem_0090_sm.jpg,/objects/thumbs/col011_pinestreet_meridianelem_0090_th.jpg
col011_pinestreet_meridianelem_0091.jpg,/objects/col011_pinestreet_meridianelem_0091.jpg,/objects/small/col011_pinestreet_meridianelem_0091_sm.jpg,/objects/thumbs/col011_pinestreet_meridianelem_0091_th.jpg
col011_pinestreet_meridianelem_0092.jpg,/objects/col011_pinestreet_meridianelem_0092.jpg,/objects/small/col011_pinestreet_meridianelem_0092_sm.jpg,/objects/thumbs/col011_pinestreet_meridianelem_0092_th.jpg
col011_pinestreet_meridianelem_0093.jpg,/objects/col011_pinestreet_meridianelem_0093.jpg,/objects/small/col011_pinestreet_meridianelem_0093_sm.jpg,/objects/thumbs/col011_pinestreet_meridianelem_0093_th.jpg
col011_pinestreet_meridianelem_0094.jpg,/objects/col011_pinestreet_meridianelem_0094.jpg,/objects/small/col011_pinestreet_meridianelem_0094_sm.jpg,/objects/thumbs/col011_pinestreet_meridianelem_0094_th.jpg
col011_pinestreet_meridianelem_0095.jpg,/objects/col011_pinestreet_meridianelem_0095.jpg,/objects/small/col011_pinestreet_meridianelem_0095_sm.jpg,/objects/thumbs/col011_pinestreet_meridianelem_0095_th.jpg
col011_pinestreet_meridianelem_0096.jpg,/objects/col011_pinestreet_meridianelem_0096.jpg,/objects/small/col011_pinestreet_meridianelem_0096_sm.jpg,/objects/thumbs/col011_pinestreet_meridianelem_0096_th.jpg
col011_pinestreet_meridianelem_0097.jpg,/objects/col011_pinestreet_meridianelem_0097.jpg,/objects/small/col011_pinestreet_meridianelem_0097_sm.jpg,/objects/thumbs/col011_pinestreet_meridianelem_0097_th.jpg
col011_pinestreet_meridianelem_0098.jpg,/objects/col011_pinestreet_meridianelem_0098.jpg,/objects/small/col011_pinestreet_meridianelem_0098_sm.jpg,/objects/thumbs/col011_pinestreet_meridianelem_0098_th.jpg
col011_pinestreet_meridianelem_0099.jpg,/objects/col011_pinestreet_meridianelem_0099.jpg,/objects/small/col011_pinestreet_meridianelem_0099_sm.jpg,/objects/thumbs/col011_pinestreet_meridianelem_0099_th.jpg
col011_pinestreet_meridianelem_0100.jpg,/objects/col011_pinestreet_meridianelem_0100.jpg,/objects/small/col011_pinestreet_meridianelem_0100_sm.jpg,/objects/thumbs/col011_pinestreet_meridianelem_0100_th.jpg
col011_pinestreet_meridianelem_0101.jpg,/objects/col011_pinestreet_meridianelem_0101.jpg,/objects/small/col011_pinestreet_meridianelem_0101_sm.jpg,/objects/thumbs/col011_pinestreet_meridianelem_0101_th.jpg
col011_pinestreet_meridianelem_0102.jpg,/objects/col011_pinestreet_meridianelem_0102.jpg,/objects/small/col011_pinestreet_meridianelem_0102_sm.jpg,/objects/thumbs/col011_pinestreet_meridianelem_0102_th.jpg
col011_pinestreet_meridianelem_0103.jpg,/objects/col011_pinestreet_meridianelem_0103.jpg,/objects/small/col011_pinestreet_meridianelem_0103_sm.jpg,/objects/thumbs/col011_pinestreet_meridianelem_0103_th.jpg
col011_pinestreet_meridianelem_0104.jpg,/objects/col011_pinestreet_meridianelem_0104.jpg,/objects/small/col011_pinestreet_meridianelem_0104_sm.jpg,/objects/thumbs/col011_pinestreet_meridianelem_0104_th.jpg
col011_pinestreet_meridianelem_0105.jpg,/objects/col011_pinestreet_meridianelem_0105.jpg,/objects/small/col011_pinestreet_meridianelem_0105_sm.jpg,/objects/thumbs/col011_pinestreet_meridianelem_0105_th.jpg
col011_pinestreet_meridianelem_0106.jpg,/objects/col011_pinestreet_meridianelem_0106.jpg,/objects/small/col011_pinestreet_meridianelem_0106_sm.jpg,/objects/thumbs/col011_pinestreet_meridianelem_0106_th.jpg
col011_pinestreet_meridianelem_0107.jpg,/objects/col011_pinestreet_meridianelem_0107.jpg,/objects/small/col011_pinestreet_meridianelem_0107_sm.jpg,/objects/thumbs/col011_pinestreet_meridianelem_0107_th.jpg
col011_pinestreet_meridianelem_0108.jpg,/objects/col011_pinestreet_meridianelem_0108.jpg,/objects/small/col011_pinestreet_meridianelem_0108_sm.jpg,/objects/thumbs/col011_pinestreet_meridianelem_0108_th.jpg
col011_pinestreet_meridianelem_0109.jpg,/objects/col011_pinestreet_meridianelem_0109.jpg,/objects/small/col011_pinestreet_meridianelem_0109_sm.jpg,/objects/thumbs/col011_pinestreet_meridianelem_0109_th.jpg
col011_pinestreet_meridianelem_0110.jpg,/objects/col011_pinestreet_meridianelem_0110.jpg,/objects/small/col011_pinestreet_meridianelem_0110_sm.jpg,/objects/thumbs/col011_pinestreet_meridianelem_0110_th.jpg
col011_pinestreet_meridianelem_0111.jpg,/objects/col011_pinestreet_meridianelem_0111.jpg,/objects/small/col011_pinestreet_meridianelem_0111_sm.jpg,/objects/thumbs/col011_pinestreet_meridianelem_0111_th.jpg
col011_pinestreet_meridianelem_0112.jpg,/objects/col011_pinestreet_meridianelem_0112.jpg,/objects/small/col011_pinestreet_meridianelem_0112_sm.jpg,/objects/thumbs/col011_pinestreet_meridianelem_0112_th.jpg
col011_pinestreet_meridianelem_0113.jpg,/objects/col011_pinestreet_meridianelem_0113.jpg,/objects/small/col011_pinestreet_meridianelem_0113_sm.jpg,/objects/thumbs/col011_pinestreet_meridianelem_0113_th.jpg
col011_pinestreet_meridianelem_0114.jpg,/objects/col011_pinestreet_meridianelem_0114.jpg,/objects/small/col011_pinestreet_meridianelem_0114_sm.jpg,/objects/thumbs/col011_pinestreet_meridianelem_0114_th.jpg
col011_pinestreet_restorationscrapbook.pdf,/objects/col011_pinestreet_restorationscrapbook.pdf,/objects/small/col011_pinestreet_restorationscrapbook_sm.jpg,/objects/thumbs/col011_pinestreet_restorationscrapbook_th.jpg
col011_pinestreetmerelem_scrapbook.pdf,/objects/col011_pinestreetmerelem_scrapbook.pdf,/objects/small/col011_pinestreetmerelem_scrapbook_sm.jpg,/objects/thumbs/col011_pinestreetmerelem_scrapbook_th.jpg
